column,representation,feature_id,mean_abs_shap,mean_signed_shap
47340,global_absdelta,14572,0.034442753,-0.007263674
36694,global_absdelta,3926,0.020003552,-0.00291044
45897,global_absdelta,13129,0.0152035905,-0.0067118146
38547,global_absdelta,5779,0.013688629,-0.004412152
22668,window_absdelta,6284,0.012179569,-0.0032819398
34950,global_absdelta,2182,0.0117019005,-0.0008978763
17038,window_absdelta,654,0.011549148,0.0076057557
45010,global_absdelta,12242,0.01143125,-0.004973991
28167,window_absdelta,11783,0.010321081,-0.0066237226
22884,window_absdelta,6500,0.010319673,-0.007317172
25578,window_absdelta,9194,0.010266549,-0.008562173
39611,global_absdelta,6843,0.00930535,-0.00453147
33374,global_absdelta,606,0.008940138,-0.0014216569
42400,global_absdelta,9632,0.008282743,-0.002558014
44690,global_absdelta,11922,0.0068790414,-0.003507921
41245,global_absdelta,8477,0.0067814845,-0.0027754412
43789,global_absdelta,11021,0.0065656104,0.004451942
44949,global_absdelta,12181,0.0064705177,-4.203701e-05
33046,global_absdelta,278,0.0060576494,0.0038074881
46623,global_absdelta,13855,0.0057985964,-0.00035983382
38390,global_absdelta,5622,0.005672228,-0.0017829745
37309,global_absdelta,4541,0.0055125714,-0.0032442703
40351,global_absdelta,7583,0.005329275,-0.00034353798
16511,window_absdelta,127,0.005227163,-0.0043319846
8093,local_delta,8093,0.0051676,-0.004244024
37751,global_absdelta,4983,0.0050871447,-0.0035073115
44161,global_absdelta,11393,0.004932969,0.0032293557
42012,global_absdelta,9244,0.0048492765,0.00012703407
31713,window_absdelta,15329,0.0047453395,0.0035490168
17649,window_absdelta,1265,0.0041835047,0.0033103882
35368,global_absdelta,2600,0.00410109,0.003298554
39171,global_absdelta,6403,0.0040289694,-0.00071483274
40291,global_absdelta,7523,0.003979806,0.0031370306
24477,window_absdelta,8093,0.0039030754,-0.0029742555
44316,global_absdelta,11548,0.0038234002,-0.0028514443
38376,global_absdelta,5608,0.0037573364,0.00050989486
42373,global_absdelta,9605,0.0037532758,-0.002045538
46768,global_absdelta,14000,0.0036501223,-0.0009860604
44444,global_absdelta,11676,0.003571843,-0.001034786
33783,global_absdelta,1015,0.003485531,-0.0013211236
37620,global_absdelta,4852,0.003251418,-0.0027783345
42434,global_absdelta,9666,0.0031206226,-0.0027293514
33421,global_absdelta,653,0.0029325022,0.0022199985
47632,global_absdelta,14864,0.002853075,-0.0024385764
39937,global_absdelta,7169,0.002826197,-0.0019648757
45181,global_absdelta,12413,0.0027590888,0.00095233176
36232,global_absdelta,3464,0.002516717,-0.002142688
33592,global_absdelta,824,0.0022818903,-0.001805415
46880,global_absdelta,14112,0.0022809869,-0.0012732012
14895,local_delta,14895,0.0022501142,-0.0017612069
7706,local_delta,7706,0.0022431037,-0.0013399048
44087,global_absdelta,11319,0.0021473344,-0.0013428625
45567,global_absdelta,12799,0.0021465996,-0.0012200434
35655,global_absdelta,2887,0.002060363,-0.0017533079
34095,global_absdelta,1327,0.002053665,0.00086655567
23152,window_absdelta,6768,0.0020188517,-0.001634463
15329,local_delta,15329,0.0020026474,0.0013479887
46259,global_absdelta,13491,0.0019576482,-0.0009899193
36310,global_absdelta,3542,0.0017093696,0.0013523289
47409,global_absdelta,14641,0.0016711109,-0.0014385865
41050,global_absdelta,8282,0.001666425,-0.0014509212
40384,global_absdelta,7616,0.0016583821,-0.0012882837
34205,global_absdelta,1437,0.0016425678,-0.0013014725
42850,global_absdelta,10082,0.0016291061,-0.00058773055
46929,global_absdelta,14161,0.0016157882,-0.0013447477
654,local_delta,654,0.0016124689,1.6130145e-05
42009,global_absdelta,9241,0.0016081994,-0.0013391642
17747,window_absdelta,1363,0.0015957123,0.0011947493
37484,global_absdelta,4716,0.0015699702,-0.0008034926
38300,global_absdelta,5532,0.0015665875,-0.0012420185
39496,global_absdelta,6728,0.0015411623,-0.0011715706
42492,global_absdelta,9724,0.0014838252,-0.0009990745
36407,global_absdelta,3639,0.0014706963,0.0012745832
41485,global_absdelta,8717,0.0014346602,-0.0011659309
34107,global_absdelta,1339,0.0014116227,0.0010252303
33703,global_absdelta,935,0.0014091504,-0.0011748661
47120,global_absdelta,14352,0.0013758452,-0.0011793356
46281,global_absdelta,13513,0.001373696,0.0010427159
43682,global_absdelta,10914,0.0013295971,0.0011450478
40350,global_absdelta,7582,0.0013245603,-0.0011601825
33003,global_absdelta,235,0.0013121766,0.0011475658
40309,global_absdelta,7541,0.0013082557,0.0009944277
40789,global_absdelta,8021,0.0013065499,0.0011271558
36834,global_absdelta,4066,0.0013062141,0.0009354312
40283,global_absdelta,7515,0.0012993794,-0.0011386427
43068,global_absdelta,10300,0.0012652768,0.001103361
34322,global_absdelta,1554,0.0012455409,0.00096210936
49000,global_absdelta,16232,0.0011837886,0.0009231197
48414,global_absdelta,15646,0.0011796822,-0.00104485
44191,global_absdelta,11423,0.0011658459,-0.0008148495
46216,global_absdelta,13448,0.0011574625,0.00090418407
34406,global_absdelta,1638,0.0011323055,0.0008355969
34144,global_absdelta,1376,0.0011312495,0.00075256184
32835,global_absdelta,67,0.00111082,-0.0009456528
35966,global_absdelta,3198,0.0010823244,-0.0007067029
43088,global_absdelta,10320,0.0010774788,-0.00058105437
31279,window_absdelta,14895,0.0010656075,-0.00075151824
38380,global_absdelta,5612,0.0010384754,0.000849717
43905,global_absdelta,11137,0.0010321157,-0.0008857813
45381,global_absdelta,12613,0.0010284635,-0.00090426666
42039,global_absdelta,9271,0.0010266515,0.0008265189
33172,global_absdelta,404,0.0010212404,0.00077330327
33585,global_absdelta,817,0.0010145896,0.0007703697
40649,global_absdelta,7881,0.0010126248,0.0008305717
48793,global_absdelta,16025,0.0010122543,0.0008396477
34748,global_absdelta,1980,0.0010110481,0.00073389604
47802,global_absdelta,15034,0.0010021252,0.0008048421
48182,global_absdelta,15414,0.0009924665,-0.00058088626
48172,global_absdelta,15404,0.000983832,0.000778397
45672,global_absdelta,12904,0.0009775318,-0.0006483192
44283,global_absdelta,11515,0.00097409426,-0.00085079385
38901,global_absdelta,6133,0.0009738718,-0.00080613606
43737,global_absdelta,10969,0.00094390585,-0.00079837703
40766,global_absdelta,7998,0.00094321364,-0.00061586726
48536,global_absdelta,15768,0.000923021,-0.00078634406
37727,global_absdelta,4959,0.0009222043,0.00071471377
48982,global_absdelta,16214,0.0009108864,-0.00058722345
33567,global_absdelta,799,0.0009070172,0.000684387
35333,global_absdelta,2565,0.0008950865,0.0007033599
24868,window_absdelta,8484,0.0008880257,-0.0005529419
41302,global_absdelta,8534,0.000878761,0.000769393
45813,global_absdelta,13045,0.00087859214,0.0006699665
43442,global_absdelta,10674,0.00087092066,0.0006878815
35982,global_absdelta,3214,0.00086102297,-0.0007257053
33957,global_absdelta,1189,0.00084798736,0.0006323352
48493,global_absdelta,15725,0.00084593653,-0.0005447011
35876,global_absdelta,3108,0.00082343334,-0.0005533689
37253,global_absdelta,4485,0.0008122026,0.00071038597
47388,global_absdelta,14620,0.0007989581,0.00036792943
33051,global_absdelta,283,0.0007978356,-0.00063883886
38985,global_absdelta,6217,0.00079721207,-0.00052595325
36480,global_absdelta,3712,0.0007816906,-0.0006847554
40145,global_absdelta,7377,0.0007741458,-0.00072533876
41428,global_absdelta,8660,0.00076910364,0.00060244696
16047,local_delta,16047,0.0007630416,-9.3431234e-05
38538,global_absdelta,5770,0.0007603302,-0.0006603923
44481,global_absdelta,11713,0.00075389846,0.0006082997
33781,global_absdelta,1013,0.00075141486,-0.00055767
33178,global_absdelta,410,0.00073820323,0.0005759576
9194,local_delta,9194,0.0007350401,-0.00060230313
47393,global_absdelta,14625,0.00073378073,-0.00063758425
42294,global_absdelta,9526,0.0007255006,-0.0006349004
42199,global_absdelta,9431,0.00072138006,0.00017790757
38448,global_absdelta,5680,0.00071655615,-0.0006273354
35255,global_absdelta,2487,0.00071116287,0.0005508634
36034,global_absdelta,3266,0.0006942533,-0.0005998345
48076,global_absdelta,15308,0.00068248267,0.00054431945
35209,global_absdelta,2441,0.0006772791,0.00053488335
35854,global_absdelta,3086,0.00067165424,0.0005101188
35476,global_absdelta,2708,0.00066992466,-0.00039800597
40180,global_absdelta,7412,0.00065879995,-0.00058031495
32947,global_absdelta,179,0.00065674796,0.00050203456
37700,global_absdelta,4932,0.0006487459,-0.0005472843
35283,global_absdelta,2515,0.0006445498,0.0005045055
39596,global_absdelta,6828,0.00063217187,0.00050704234
46862,global_absdelta,14094,0.0006249281,-0.0005524975
45590,global_absdelta,12822,0.00061768113,0.00046653458
1554,local_delta,1554,0.000615402,0.00020117708
39619,global_absdelta,6851,0.0005864414,-0.0005190396
37604,global_absdelta,4836,0.0005796293,-0.00047435472
43883,global_absdelta,11115,0.0005534073,-0.00012873151
38157,global_absdelta,5389,0.00055263366,0.00047456883
44713,global_absdelta,11945,0.0005517284,0.00025798025
35776,global_absdelta,3008,0.0005515006,-0.00048732164
42497,global_absdelta,9729,0.0005459053,0.00039838615
22836,window_absdelta,6452,0.0005428384,-0.00018599404
33105,global_absdelta,337,0.0005292543,0.00046194062
32826,global_absdelta,58,0.00052491657,-0.00023546738
30465,window_absdelta,14081,0.0005175923,-0.00042994128
35793,global_absdelta,3025,0.00051435526,-0.00020644395
41799,global_absdelta,9031,0.00050756574,-0.0004493576
40572,global_absdelta,7804,0.00050069724,-0.00018897626
33184,global_absdelta,416,0.00049902283,-0.00020598336
42780,global_absdelta,10012,0.00049793744,0.00041758426
48777,global_absdelta,16009,0.0004946049,-0.00043963818
36523,global_absdelta,3755,0.0004936144,-0.00042823117
48254,global_absdelta,15486,0.0004899256,0.00038411305
41335,global_absdelta,8567,0.00048229095,0.00019823306
39097,global_absdelta,6329,0.00047931544,0.00019028378
32913,global_absdelta,145,0.00047712622,0.0003562225
44411,global_absdelta,11643,0.00047665232,-0.0004178568
33907,global_absdelta,1139,0.00047410166,0.0004022088
40488,global_absdelta,7720,0.00046716392,0.0003788617
42910,global_absdelta,10142,0.00046456512,0.00037165737
45207,global_absdelta,12439,0.0004528627,-0.00030748337
48040,global_absdelta,15272,0.0004527349,0.00038816824
38970,global_absdelta,6202,0.00045094304,0.0003933859
33331,global_absdelta,563,0.00044964193,-0.00034552184
45995,global_absdelta,13227,0.00044924638,-0.00030477968
43111,global_absdelta,10343,0.0004490459,0.00039343233
39975,global_absdelta,7207,0.00044270747,-0.00038570035
33467,global_absdelta,699,0.0004414503,0.00038157505
35652,global_absdelta,2884,0.0004407494,0.0003912495
47296,global_absdelta,14528,0.00043343636,0.00035139415
42936,global_absdelta,10168,0.00042111683,-0.0003625931
48966,global_absdelta,16198,0.00041656365,0.00036181434
37536,global_absdelta,4768,0.0004148184,0.00035255813
42534,global_absdelta,9766,0.00040900745,0.00024261307
33755,global_absdelta,987,0.00040645484,0.0003524823
47344,global_absdelta,14576,0.00040104726,0.0003239628
